filename,spectrum_feature_mean,spectrum_feature_var,db_spectrum_feature_mean,db_spectrum_feature_var,melspectrum_feature_mean,melspectrum_feature_var,db_melspectrum_feature_mean,db_melspectrum_feature_var,spectral_cent_feature_mean,spectral_cent_feature_var,spectral_rolloff_feature_mean,spectral_rolloff_feature_var,zero_crossing_feature_mean,zero_crossing_feature_var
"7 Seconds -- Youssou N'Dour, Neneh Cherry.mp3",8.7605746e-05,7.8827025e-09,-14.929964,265.65335,2.719234,1415.2573,-44.00703,276.59933,1544.4129842864802,512750.24263206107,3569.966428949201,2453267.9714459656,0.05878592569433898,0.002156584019640936
a-ha -- Take On Me.mp3,0.0,0.0,-11.931955,313.66605,1.720659,1141.4222,-37.79885,286.58987,1946.5799817302413,291669.945256757,4088.933640286051,1180453.9318555556,0.09727140975856025,0.0021230279199869733
"ABBA -- Money, Money, Money.mp3",0.0,0.0,-16.553143,288.94363,0.8239359,1558.5767,-42.695034,365.78177,1246.2030955021826,209793.41434068742,2514.827580179004,855406.6547336822,0.061654513807958854,0.0014705760740103201
ABBA -- The Winner Takes It All.mp3,1.6750571e-05,3.0464606e-10,-13.336798,265.098,0.7762348,1346.408,-42.354103,335.03525,1510.2417951548105,304337.94617783366,3083.219591101601,1383863.340170456,0.0762558277367402,0.002033097242547375
All The Things She Said.mp3,2.4786857e-06,4.8664653e-12,-11.251614,322.8382,2.4622169,1276.2195,-39.2753,358.26523,1551.1901505286687,382161.96194677515,3246.134742785143,1732624.4228722847,0.07397660521899194,0.0019397153643379759
Animals — Martin Garrix.mp3,1.3594528,5.8579063,-11.815655,260.47266,2.8744116,1205.8677,-44.59586,273.57513,1626.0966764943191,639072.8154576743,3695.817684588346,3332402.7549788365,0.05551629858942801,0.003433854363819387
